,Country,Region,GDP per Capita,Air Quality,Biodiversity,CO2 per Capita,Water Sanitation,Water Resource,Happiness Score
0,Denmark,Western Europe,54663.99837,86.98,97.6,6.21,99.71,95.72,7.526
1,Switzerland,Western Europe,80172.1933,72.09,90.43,4.91,99.93,98.23,7.5089999999999995
2,Iceland,Western Europe,61757.94931,97.04,66.04,11.71,99.29,88.2,7.501
3,Norway,Western Europe,70460.56053,94.59,82.2,8.66,98.86,93.89,7.497999999999999
4,Finland,Western Europe,43777.44009,93.77,96.93,8.87,98.57,93.52,7.412999999999999
5,Canada,North America,42279.900819999995,91.16,74.5,16.18,99.65,89.75,7.404
6,Netherlands,Western Europe,46007.85292,69.32,90.38,10.03,98.65,99.65,7.3389999999999995
7,New Zealand,Australia and New Zealand,40026.8522,95.67,92.75,7.55,100.0,90.52,7.334
8,Australia,Australia and New Zealand,49971.131460000004,96.13,87.18,17.22,100.0,97.88,7.313
9,Sweden,Western Europe,51974.196560000004,93.26,88.76,4.57,99.57,96.08,7.291
10,Israel,Middle East and Northern Africa,37321.624039999995,70.5,71.29,8.09,100.0,96.8,7.267
11,Austria,Western Europe,45237.805089999994,72.19,93.33,7.99,100.0,97.16,7.119
12,United States,North America,57904.201960000006,89.73,79.35,16.02,99.17,84.16,7.104
13,Costa Rica,Latin America and Caribbean,11666.455909999999,93.94,90.52,1.74,87.62,56.65,7.087000000000001
14,Germany,Western Europe,42098.92045,69.88,100.0,9.65,99.5,98.59,6.994
15,Brazil,Latin America and Caribbean,8712.887044,91.78,92.62,2.38,84.42,76.23,6.952000000000001
16,Belgium,Western Europe,42012.0999,60.91,100.0,9.08,99.64,94.99,6.928999999999999
17,Ireland,Western Europe,63197.082370000004,94.39,90.51,8.21,94.02,84.99,6.907
18,Luxembourg,Western Europe,104278.391,82.54,100.0,16.18,98.57,99.3,6.871
19,Mexico,Latin America and Caribbean,8739.756043000001,79.55,78.66,3.89,80.79,80.32,6.778
20,Singapore,Southeastern Asia,56724.17039,87.8,72.26,9.32,100.0,100.0,6.739
21,United Kingdom,Western Europe,41074.16728,86.78,98.98,5.93,99.5,98.94,6.725
22,Chile,Latin America and Caribbean,13748.08766,88.4,75.15,4.98,94.47,94.26,6.705
23,Panama,Latin America and Caribbean,14356.32405,94.21,87.93,2.78,77.81,72.31,6.7010000000000005
24,Argentina,Latin America and Caribbean,12790.242470000001,92.37,69.72,4.87,93.05,66.94,6.65
25,Czech Republic,Central and Eastern Europe,18463.386580000002,61.99,100.0,10.33,98.93,88.98,6.596
26,United Arab Emirates,Middle East and Northern Africa,38141.84676,69.47,89.41,22.56,90.3,94.63,6.5729999999999995
27,Uruguay,Latin America and Caribbean,15387.144030000001,92.03,54.32,1.93,95.69,47.46,6.545
28,Malta,Western Europe,25151.51962,94.81,93.98,3.48,100.0,89.37,6.4879999999999995
29,Colombia,Latin America and Caribbean,5871.223524,91.04,87.99,1.82,77.22,71.8,6.481
30,France,Western Europe,36962.22229,82.43,99.52,5.01,99.22,92.41,6.478
31,Thailand,Southeastern Asia,5978.611454,56.32,86.08,3.95,85.77,71.28,6.474
32,Saudi Arabia,Middle East and Northern Africa,19879.29753,73.64,81.69,19.13,86.99,85.8,6.379
33,Qatar,Middle East and Northern Africa,57163.06099,56.54,58.37,38.78,89.8,90.14,6.375
34,Spain,Western Europe,26505.624330000002,91.27,96.73,5.69,99.93,97.52,6.361000000000001
35,Algeria,Middle East and Northern Africa,3946.4214450000004,89.04,61.62,3.85,72.11,82.49,6.355
36,Guatemala,Latin America and Caribbean,4140.589825999999,83.88,78.02,1.1,69.88,65.19,6.324
37,Suriname,Latin America and Caribbean,5604.722569,93.45,81.12,3.87,79.32,0.01,6.269
38,Kuwait,Middle East and Northern Africa,27653.1644,48.86,87.12,23.82,89.92,81.63,6.239
39,Bahrain,Middle East and Northern Africa,22619.11667,71.1,56.54,24.12,91.91,91.66,6.218
40,Trinidad and Tobago,Latin America and Caribbean,16176.947369999998,97.2,88.51,26.33,86.61,59.48,6.167999999999999
41,Slovakia,Central and Eastern Europe,16505.998059999998,70.74,100.0,6.46,98.12,86.21,6.077999999999999
42,El Salvador,Latin America and Caribbean,3800.1033020000004,89.65,76.43,1.22,73.94,42.21,6.068
43,Malaysia,Southeastern Asia,9817.740861,74.68,90.85,7.9,91.22,77.16,6.005
44,Nicaragua,Latin America and Caribbean,2107.56718,89.05,93.72,1.0,68.55,0.0,5.992000000000001
45,Uzbekistan,Central and Eastern Europe,2567.799207,74.81,56.18,3.23,81.04,0.0,5.987
46,Italy,Western Europe,30936.125439999996,72.75,98.96,5.92,99.64,92.78,5.977
47,Ecuador,Latin America and Caribbean,6060.093329,90.12,88.91,2.64,79.38,0.0,5.976
48,Belize,Latin America and Caribbean,4818.404394,95.02,99.03,1.21,77.76,50.22,5.956
49,Japan,Eastern Asia,38794.33094,77.63,93.25,9.55,100.0,87.01,5.921
50,Kazakhstan,Central and Eastern Europe,7714.841844,89.66,53.45,14.7,81.87,74.79,5.919
51,Moldova,Central and Eastern Europe,2272.405707,73.12,53.23,2.01,74.74,72.82,5.897
52,Russia,Central and Eastern Europe,8745.375117,84.76,73.7,11.72,84.22,91.28,5.856
53,Poland,Central and Eastern Europe,12431.575420000001,65.54,99.76,8.29,94.89,87.41,5.835
54,South Korea,Eastern Asia,27608.24743,45.51,69.34,12.81,95.11,93.15,5.835
55,Bolivia,Latin America and Caribbean,3076.6589489999997,90.09,90.06,1.99,71.87,54.38,5.822
56,Lithuania,Central and Eastern Europe,14999.479640000001,86.47,98.55,4.6,90.85,82.91,5.813
57,Belarus,Central and Eastern Europe,5022.626643,80.31,73.06,6.4,91.12,66.36,5.8020000000000005
58,Slovenia,Central and Eastern Europe,21622.580680000003,78.26,100.0,7.4,97.83,87.8,5.768
59,Peru,Latin America and Caribbean,6204.99726,83.8,84.59,1.82,73.66,79.88,5.742999999999999
60,Turkmenistan,Central and Eastern Europe,6389.548408,84.27,49.93,13.18,66.29,69.7,5.6579999999999995
61,Mauritius,Sub-Saharan Africa,9681.618567,95.41,55.45,3.1,92.72,58.09,5.648
62,Libya,Middle East and Northern Africa,4035.1943159999996,84.38,24.72,8.5,74.39,68.06,5.615
63,Latvia,Central and Eastern Europe,14153.41492,88.77,97.81,4.03,91.11,96.44,5.56
64,Paraguay,Latin America and Caribbean,5319.410218,87.59,78.94,1.07,82.41,39.82,5.537999999999999
65,Romania,Central and Eastern Europe,9567.097781999999,78.0,95.77,3.94,85.64,74.31,5.528
66,Estonia,Central and Eastern Europe,18237.29584,92.9,100.0,16.34,95.44,90.9,5.517
67,Jamaica,Latin America and Caribbean,4843.338474,91.86,90.47,2.71,77.72,62.12,5.51
68,Croatia,Central and Eastern Europe,12360.473259999999,75.59,98.96,4.49,95.87,83.75,5.4879999999999995
69,Somalia,Sub-Saharan Africa,295.9678516,68.69,20.91,0.06,26.07,3.96,5.44
70,Turkey,Middle East and Northern Africa,10820.63384,79.3,22.53,4.96,85.06,78.99,5.388999999999999
71,Indonesia,Southeastern Asia,3562.845756,80.36,81.62,1.96,74.66,12.69,5.314
72,Jordan,Middle East and Northern Africa,4103.7336,75.97,42.94,2.76,89.65,76.7,5.303
73,Azerbaijan,Central and Eastern Europe,3880.7387310000004,80.99,75.83,3.42,78.12,69.16,5.291
74,Philippines,Southeastern Asia,2941.21204,86.79,86.16,1.25,75.02,51.1,5.279
75,China,Eastern Asia,8078.790473999999,23.81,77.45,7.81,85.54,78.08,5.245
76,Bhutan,Southern Asia,2930.5629879999997,58.04,96.34,1.79,78.7,0.0,5.196000000000001
77,Kyrgyzstan,Central and Eastern Europe,1120.6665130000001,84.79,79.8,1.62,74.63,58.09,5.185
78,Serbia,Central and Eastern Europe,5756.381194,75.13,61.46,6.18,91.86,63.99,5.1770000000000005
79,Bosnia and Herzegovina,Central and Eastern Europe,4994.68314,78.07,36.62,7.8,93.73,0.0,5.162999999999999
80,Montenegro,Central and Eastern Europe,7028.9365769999995,86.9,67.72,6.18,93.96,64.6,5.1610000000000005
81,Dominican Republic,Latin America and Caribbean,7280.873164,93.08,93.54,2.33,71.93,80.76,5.155
82,Morocco,Middle East and Northern Africa,2896.720003,89.57,91.1,1.8,67.72,60.82,5.151
83,Hungary,Central and Eastern Europe,12992.37567,67.3,100.0,5.02,95.62,84.58,5.145
84,Pakistan,Southern Asia,1368.454326,34.57,70.04,0.91,66.34,16.58,5.132000000000001
85,Lebanon,Middle East and Northern Africa,7634.946543999999,74.44,43.86,4.26,80.29,86.61,5.129
86,Portugal,Western Europe,19978.40121,93.36,95.78,5.0,99.79,85.4,5.122999999999999
87,Macedonia,Central and Eastern Europe,5129.15896,76.74,72.3,3.72,91.28,58.79,5.121
88,Macedonia,Central and Eastern Europe,5129.15896,76.74,72.3,3.72,91.28,58.79,5.121
89,Vietnam,Southeastern Asia,2192.214539,54.76,82.37,2.56,80.34,19.8,5.061
90,Tunisia,Middle East and Northern Africa,3698.058504,91.2,61.04,2.64,81.08,82.06,5.045
91,Greece,Western Europe,18116.459619999998,87.01,94.82,6.1,99.36,92.03,5.033
92,Tajikistan,Central and Eastern Europe,802.5180041,74.0,74.2,0.64,70.28,49.33,4.996
93,Mongolia,Eastern Asia,3660.1507460000003,86.69,83.56,5.83,54.47,53.59,4.907
94,Laos,Southeastern Asia,2308.800482,32.45,90.23,0.48,66.12,0.0,4.876
95,Nigeria,Sub-Saharan Africa,2175.99967,72.15,75.43,0.56,44.11,22.56,4.875
96,Honduras,Latin America and Caribbean,2342.584651,86.95,86.89,1.1,72.82,46.48,4.871
97,Zambia,Sub-Saharan Africa,1280.578447,79.68,97.06,0.28,52.99,58.09,4.795
98,Nepal,Southern Asia,777.1475955,29.84,76.59,0.33,60.94,0.0,4.793
99,Albania,Central and Eastern Europe,4124.108907,80.89,54.12,1.6,89.34,60.16,4.655
100,Bangladesh,Southern Asia,1401.620628,21.86,63.77,0.51,57.11,0.0,4.643
101,Sierra Leone,Sub-Saharan Africa,501.41571289999996,66.94,75.46,0.17,31.26,0.0,4.635
102,Iraq,Middle East and Northern Africa,4776.726499,56.7,34.64,4.64,73.86,68.61,4.575
103,Namibia,Sub-Saharan Africa,4786.235303,88.58,95.74,1.77,62.4,63.38,4.574
104,Cameroon,Sub-Saharan Africa,1363.403851,77.03,77.33,0.61,47.88,0.0,4.513
105,Ethiopia,Sub-Saharan Africa,717.1245928999999,67.51,83.52,0.15,28.0,0.0,4.508
106,South Africa,Sub-Saharan Africa,5272.918425,88.84,75.06,8.62,71.9,79.44,4.459
107,Sri Lanka,Southern Asia,3886.2915020000005,68.99,81.98,1.12,83.05,0.0,4.415
108,India,Southern Asia,1729.268021,28.07,63.42,1.79,64.39,48.41,4.404
109,Myanmar,Southeastern Asia,1192.4953380000002,44.34,57.74,0.58,64.59,0.0,4.395
110,Egypt,Middle East and Northern Africa,3525.020165,58.02,72.75,2.55,86.72,78.54,4.362
111,Armenia,Central and Eastern Europe,3591.829276,73.81,87.43,1.84,82.92,70.76,4.36
112,Kenya,Sub-Saharan Africa,1410.527571,79.31,84.09,0.4,51.78,52.78,4.356
113,Ukraine,Central and Eastern Europe,2187.731997,84.18,65.58,5.02,87.22,73.32,4.324
114,Ghana,Sub-Saharan Africa,1931.3894699999998,71.72,80.79,0.58,47.63,43.34,4.276
115,Congo (Kinshasa),Sub-Saharan Africa,471.3188404,51.51,76.14,0.04,26.42,0.0,4.272
116,Georgia,Central and Eastern Europe,4062.1698880000004,79.96,70.31,2.61,79.31,0.0,4.252
117,Congo (Brazzaville),Sub-Saharan Africa,1814.063418,81.66,93.26,1.15,41.02,24.99,4.236000000000001
118,Senegal,Sub-Saharan Africa,1269.040407,75.78,93.36,0.61,57.02,34.29,4.218999999999999
119,Bulgaria,Central and Eastern Europe,7469.455637999999,80.46,88.98,6.29,93.25,88.59,4.217
120,Mauritania,Sub-Saharan Africa,1123.888166,74.01,42.92,0.66,40.17,0.0,4.2010000000000005
121,Zimbabwe,Sub-Saharan Africa,1464.583529,85.44,94.31,0.71,54.86,0.0,4.1930000000000005
122,Malawi,Sub-Saharan Africa,315.7773264,70.74,93.35,0.08,49.63,0.0,4.156000000000001
123,Sudan,Sub-Saharan Africa,2398.10188,77.95,42.8,0.38,31.67,0.0,4.138999999999999
124,Gabon,Sub-Saharan Africa,6979.709196,89.88,89.37,3.35,63.25,0.0,4.121
125,Mali,Sub-Saharan Africa,779.874933,64.05,73.03,0.05,37.81,0.0,4.073
126,Haiti,Latin America and Caribbean,735.3017702999999,76.05,24.41,0.33,38.69,0.0,4.0280000000000005
127,Botswana,Sub-Saharan Africa,7243.852997,90.16,93.75,3.15,68.32,41.04,3.9739999999999998
128,Comoros,Sub-Saharan Africa,1272.193943,84.95,68.38,0.24,49.48,3.96,3.9560000000000004
129,Ivory Coast,Sub-Saharan Africa,1481.652231,77.07,90.88,0.55,48.73,35.78,3.9160000000000004
130,Cambodia,Southeastern Asia,1278.631062,66.25,88.15,0.64,60.23,0.0,3.907
131,Angola,Sub-Saharan Africa,3506.072885,81.74,53.54,1.16,36.68,0.0,3.866
132,Niger,Sub-Saharan Africa,362.13113230000005,63.35,88.33,0.1,11.98,0.0,3.8560000000000003
133,Chad,Sub-Saharan Africa,692.9785958,67.41,80.62,0.05,10.03,0.0,3.763
134,Burkina Faso,Sub-Saharan Africa,582.7954443,66.31,88.05,0.17,35.87,0.0,3.739
135,Uganda,Sub-Saharan Africa,608.7057351,63.51,93.61,0.12,50.91,32.7,3.739
136,Yemen,Middle East and Northern Africa,1139.870568,76.65,47.95,0.41,42.71,0.0,3.7239999999999998
137,Madagascar,Sub-Saharan Africa,475.95536560000005,71.53,64.68,0.16,22.07,0.0,3.695
138,Tanzania,Sub-Saharan Africa,966.4746223999999,70.85,94.34,0.22,37.38,45.47,3.6660000000000004
139,Liberia,Sub-Saharan Africa,714.6233922,67.23,49.67,0.23,40.82,0.0,3.622
140,Guinea,Sub-Saharan Africa,732.9621726,65.56,86.95,0.21,42.58,37.2,3.6069999999999998
141,Rwanda,Sub-Saharan Africa,726.3479745,56.24,71.26,0.09,58.0,0.0,3.515
142,Benin,Sub-Saharan Africa,789.0849152000001,64.66,77.29,0.6,41.07,7.626,3.484
143,Afghanistan,Southern Asia,547.2281102000001,70.74,21.25,0.29,39.2,0.0,3.36
144,Togo,Sub-Saharan Africa,597.0654589,65.84,71.34,0.34,31.4,0.0,3.303
145,Burundi,Sub-Saharan Africa,282.1931304,55.48,64.71,0.03,40.62,0.0,2.905
